/*
 Navicat Premium Data Transfer

 Source Server         : 华为云_mysql
 Source Server Type    : MySQL
 Source Server Version : 80018
 Source Host           : 119.3.171.15:3306
 Source Schema         : scientificinformationsystem

 Target Server Type    : MySQL
 Target Server Version : 80018
 File Encoding         : 65001

 Date: 11/06/2020 00:41:15
*/

SET NAMES utf8mb4;
SET FOREIGN_KEY_CHECKS = 0;

-- ----------------------------
-- Table structure for admin
-- ----------------------------
DROP TABLE IF EXISTS `admin`;
CREATE TABLE `admin`  (
  `id` int(11) NOT NULL,
  `account` varchar(255) CHARACTER SET utf8mb4 COLLATE utf8mb4_0900_ai_ci NULL DEFAULT NULL,
  `password` varchar(255) CHARACTER SET utf8mb4 COLLATE utf8mb4_0900_ai_ci NULL DEFAULT NULL,
  `name` varchar(255) CHARACTER SET utf8mb4 COLLATE utf8mb4_0900_ai_ci NULL DEFAULT NULL,
  PRIMARY KEY (`id`) USING BTREE
) ENGINE = InnoDB CHARACTER SET = utf8mb4 COLLATE = utf8mb4_0900_ai_ci;

-- ----------------------------
-- Records of admin
-- ----------------------------
BEGIN;
INSERT INTO `admin` VALUES (1, 'admin1', '123456', '管理员'), (2, 'admin2', '123456', '靓仔2号'), (3, 'admin3', '123456', '靓仔3号');
COMMIT;

-- ----------------------------
-- Table structure for hibernate_sequence
-- ----------------------------
DROP TABLE IF EXISTS `hibernate_sequence`;
CREATE TABLE `hibernate_sequence`  (
  `next_val` bigint(20) NULL DEFAULT NULL
) ENGINE = InnoDB CHARACTER SET = utf8mb4 COLLATE = utf8mb4_0900_ai_ci;

-- ----------------------------
-- Records of hibernate_sequence
-- ----------------------------
BEGIN;
INSERT INTO `hibernate_sequence` VALUES (352), (352), (352);
COMMIT;

-- ----------------------------
-- Table structure for message
-- ----------------------------
DROP TABLE IF EXISTS `message`;
CREATE TABLE `message`  (
  `id` int(11) NOT NULL,
  `time` datetime(0) NULL DEFAULT NULL,
  `content` varchar(255) CHARACTER SET utf8mb4 COLLATE utf8mb4_0900_ai_ci NULL DEFAULT NULL,
  `flag` int(11) NULL DEFAULT NULL,
  `target_id` int(11) NULL DEFAULT NULL,
  PRIMARY KEY (`id`) USING BTREE
) ENGINE = InnoDB CHARACTER SET = utf8mb4 COLLATE = utf8mb4_0900_ai_ci;

-- ----------------------------
-- Records of message
-- ----------------------------
BEGIN;
INSERT INTO `message` VALUES (43, '2020-05-03 15:57:56', '项目-888已上传论文，请及时查阅', 1, 1), (44, '2020-05-03 15:57:56', '项目-888已上传论文，请及时查阅', 1, 2), (45, '2020-05-03 15:57:57', '项目-888已上传论文，请及时查阅', 1, 3), (48, '2020-05-03 16:05:52', '项目-888已上传论文，请及时查阅', 1, 1), (49, '2020-05-03 16:05:53', '项目-888已上传论文，请及时查阅', 1, 2), (50, '2020-05-03 16:05:53', '项目-888已上传论文，请及时查阅', 1, 3), (52, '2020-05-03 16:12:26', '项目-888已上传论文，请及时查阅', 1, 1), (53, '2020-05-03 16:12:26', '项目-888已上传论文，请及时查阅', 1, 2), (54, '2020-05-03 16:12:26', '项目-888已上传论文，请及时查阅', 1, 3), (56, '2020-05-03 16:36:21', '项目-测试已申报，请及时查阅并授权', 1, 1), (57, '2020-05-03 16:36:21', '项目-测试已申报，请及时查阅并授权', 1, 2), (58, '2020-05-03 16:36:22', '项目-测试已申报，请及时查阅并授权', 1, 3), (60, '2020-05-03 16:38:38', '您的项目-测试已获得授权，您可开始项目的开发', 0, 1), (61, '2020-05-03 16:40:05', '您的项目-888获得专利——bd86a4', 0, 1), (63, '2020-05-03 16:42:57', '您的项目-888获得专利——97f025', 0, 1), (65, '2020-05-03 16:43:13', '您的项目-888获得奖项——特等奖', 0, 1), (67, '2020-05-03 16:48:05', '您的项目-888奖项已更改为——super', 0, 1), (69, '2020-05-04 00:28:54', '您的项目-888奖项已更改为——超级奖', 0, 1), (72, '2020-05-04 00:42:39', '您的项目-111已通过审批，请耐心等待奖项及专利的颁发~', 0, 1), (73, '2020-05-04 00:45:17', '项目-疾风剑豪已申报，请及时查阅并授权', 1, 1), (74, '2020-05-04 00:45:17', '项目-疾风剑豪已申报，请及时查阅并授权', 1, 2), (75, '2020-05-04 00:45:18', '项目-疾风剑豪已申报，请及时查阅并授权', 1, 3), (77, '2020-05-04 00:46:15', '您的项目-疾风剑豪已获得授权，您可开始项目的开发', 0, 39), (78, '2020-05-04 00:46:41', '项目-快乐风男已申报，请及时查阅并授权', 1, 1), (79, '2020-05-04 00:46:42', '项目-快乐风男已申报，请及时查阅并授权', 1, 2), (80, '2020-05-04 00:46:42', '项目-快乐风男已申报，请及时查阅并授权', 1, 3), (82, '2020-05-04 00:47:06', '项目-疾风剑豪已提交成果，请及时查阅并审批', 1, 1), (83, '2020-05-04 00:47:06', '项目-疾风剑豪已提交成果，请及时查阅并审批', 1, 2), (84, '2020-05-04 00:47:06', '项目-疾风剑豪已提交成果，请及时查阅并审批', 1, 3), (85, '2020-05-04 00:47:26', '您的项目-快乐风男未获得授权，请再接再厉', 0, 39), (88, '2020-05-04 00:50:54', '您的项目-疾风剑豪已通过审批，请耐心等待奖项及专利的颁发~', 0, 39), (89, '2020-05-04 00:54:27', '您的项目-疾风剑豪获得专利——07fc0d', 0, 39), (91, '2020-05-04 00:54:52', '您的项目-疾风剑豪获得奖项——中单一哥', 0, 39), (93, '2020-05-04 01:01:14', '项目-疾风剑豪已上传论文，请及时查阅', 1, 1), (94, '2020-05-04 01:01:14', '项目-疾风剑豪已上传论文，请及时查阅', 1, 2), (95, '2020-05-04 01:01:15', '项目-疾风剑豪已上传论文，请及时查阅', 1, 3), (97, '2020-05-04 01:10:53', '项目-123已申报，请及时查阅并授权', 1, 1), (98, '2020-05-04 01:10:53', '项目-123已申报，请及时查阅并授权', 1, 2), (99, '2020-05-04 01:10:54', '项目-123已申报，请及时查阅并授权', 1, 3), (101, '2020-05-04 01:11:00', '项目-888已申报，请及时查阅并授权', 1, 1), (102, '2020-05-04 01:11:00', '项目-888已申报，请及时查阅并授权', 1, 2), (103, '2020-05-04 01:11:01', '项目-888已申报，请及时查阅并授权', 1, 3), (105, '2020-05-04 01:11:21', '您的项目-888已获得授权，您可开始项目的开发', 0, 39), (106, '2020-05-04 01:11:25', '您的项目-123已获得授权，您可开始项目的开发', 0, 39), (107, '2020-05-04 01:11:58', '项目-888已提交成果，请及时查阅并审批', 1, 1), (108, '2020-05-04 01:11:59', '项目-888已提交成果，请及时查阅并审批', 1, 2), (109, '2020-05-04 01:11:59', '项目-888已提交成果，请及时查阅并审批', 1, 3), (110, '2020-05-04 01:12:11', '项目-123已提交成果，请及时查阅并审批', 1, 1), (111, '2020-05-04 01:12:11', '项目-123已提交成果，请及时查阅并审批', 1, 2), (112, '2020-05-04 01:12:12', '项目-123已提交成果，请及时查阅并审批', 1, 3), (113, '2020-05-04 01:13:38', '您的项目-111获得专利——3d889d', 0, 1), (120, '2020-05-04 01:20:41', '您的项目-888已通过审批，请耐心等待奖项及专利的颁发~', 0, 39), (121, '2020-05-04 01:20:48', '您的项目-888获得奖项——666', 0, 39), (123, '2020-05-04 01:21:00', '您的项目-888获得专利——d5acee', 0, 39), (125, '2020-05-04 01:44:40', '项目-888已上传论文，请及时查阅', 1, 1), (126, '2020-05-04 01:44:40', '项目-888已上传论文，请及时查阅', 1, 2), (127, '2020-05-04 01:44:41', '项目-888已上传论文，请及时查阅', 1, 3), (129, '2020-05-04 02:07:54', '项目-888已修正论文，请及时查阅', 1, 1), (130, '2020-05-04 02:07:55', '项目-888已修正论文，请及时查阅', 1, 2), (131, '2020-05-04 02:07:55', '项目-888已修正论文，请及时查阅', 1, 3), (133, '2020-05-04 02:12:04', '项目-888已修正论文，请及时查阅', 1, 1), (134, '2020-05-04 02:12:04', '项目-888已修正论文，请及时查阅', 1, 2), (135, '2020-05-04 02:12:04', '项目-888已修正论文，请及时查阅', 1, 3), (136, '2020-05-04 13:03:38', '项目-888已修正论文，请及时查阅', 1, 1), (137, '2020-05-04 13:03:38', '项目-888已修正论文，请及时查阅', 1, 2), (138, '2020-05-04 13:03:39', '项目-888已修正论文，请及时查阅', 1, 3), (139, '2020-05-04 13:27:56', '项目-888已修正论文，请及时查阅', 1, 1), (140, '2020-05-04 13:27:57', '项目-888已修正论文，请及时查阅', 1, 2), (141, '2020-05-04 13:27:57', '项目-888已修正论文，请及时查阅', 1, 3), (142, '2020-05-04 13:41:34', '项目-888已修正论文，请及时查阅', 1, 1), (143, '2020-05-04 13:41:34', '项目-888已修正论文，请及时查阅', 1, 2), (144, '2020-05-04 13:41:35', '项目-888已修正论文，请及时查阅', 1, 3), (145, '2020-05-04 13:47:26', '项目-888已修正论文，请及时查阅', 1, 1), (146, '2020-05-04 13:47:26', '项目-888已修正论文，请及时查阅', 1, 2), (147, '2020-05-04 13:47:27', '项目-888已修正论文，请及时查阅', 1, 3), (148, '2020-05-04 13:49:32', '项目-最后一个bug已申报，请及时查阅并授权', 1, 1), (149, '2020-05-04 13:49:32', '项目-最后一个bug已申报，请及时查阅并授权', 1, 2), (150, '2020-05-04 13:49:32', '项目-最后一个bug已申报，请及时查阅并授权', 1, 3), (152, '2020-05-04 13:49:55', '您的项目-最后一个bug已获得授权，您可开始项目的开发', 0, 39), (153, '2020-05-04 13:50:13', '项目-最后一个bug已提交成果，请及时查阅并审批', 1, 1), (154, '2020-05-04 13:50:13', '项目-最后一个bug已提交成果，请及时查阅并审批', 1, 2), (155, '2020-05-04 13:50:14', '项目-最后一个bug已提交成果，请及时查阅并审批', 1, 3), (156, '2020-05-05 20:25:48', '项目-888已修正论文，请及时查阅', 1, 1), (157, '2020-05-05 20:25:49', '项目-888已修正论文，请及时查阅', 1, 2), (158, '2020-05-05 20:25:49', '项目-888已修正论文，请及时查阅', 1, 3), (159, '2020-05-05 20:30:41', '项目-555已申报，请及时查阅并授权', 1, 1), (160, '2020-05-05 20:30:41', '项目-555已申报，请及时查阅并授权', 1, 2), (161, '2020-05-05 20:30:42', '项目-555已申报，请及时查阅并授权', 1, 3), (163, '2020-05-05 20:31:15', '您的项目-555已获得授权，您可开始项目的开发', 0, 1), (164, '2020-05-05 20:31:38', '项目-555已提交成果，请及时查阅并审批', 1, 1), (165, '2020-05-05 20:31:39', '项目-555已提交成果，请及时查阅并审批', 1, 2), (166, '2020-05-05 20:31:39', '项目-555已提交成果，请及时查阅并审批', 1, 3), (170, '2020-05-05 20:32:52', '您的项目-555已通过审批，请耐心等待奖项及专利的颁发~', 0, 1), (171, '2020-05-05 20:33:09', '您的项目-555获得专利——02711e', 0, 1), (173, '2020-05-05 20:33:24', '您的项目-555获得奖项——666', 0, 1), (175, '2020-05-05 20:33:35', '您的项目-555奖项已更改为——555', 0, 1), (176, '2020-05-05 20:34:06', '项目-555已上传论文，请及时查阅', 1, 1), (177, '2020-05-05 20:34:06', '项目-555已上传论文，请及时查阅', 1, 2), (178, '2020-05-05 20:34:07', '项目-555已上传论文，请及时查阅', 1, 3), (183, '2020-05-11 19:35:32', '您的项目-最后一个bug已通过审批，请耐心等待奖项及专利的颁发~', 0, 39), (184, '2020-05-11 19:35:32', '您的项目-最后一个bug已通过审批，请耐心等待奖项及专利的颁发~', 0, 39), (185, '2020-05-11 19:35:32', '您的项目-最后一个bug已通过审批，请耐心等待奖项及专利的颁发~', 0, 39), (186, '2020-05-11 20:06:25', '项目-科研信息管理已申报，请及时查阅并授权', 1, 1), (187, '2020-05-11 20:06:26', '项目-科研信息管理已申报，请及时查阅并授权', 1, 2), (188, '2020-05-11 20:06:26', '项目-科研信息管理已申报，请及时查阅并授权', 1, 3), (190, '2020-05-23 17:17:31', '项目-科研信息管理系统1已申报，请及时查阅并授权', 1, 1), (191, '2020-05-23 17:17:31', '项目-科研信息管理系统1已申报，请及时查阅并授权', 1, 2), (192, '2020-05-23 17:17:31', '项目-科研信息管理系统1已申报，请及时查阅并授权', 1, 3), (194, '2020-05-23 17:19:31', '您的项目-888奖项已更改为——一等奖', 0, 1), (195, '2020-05-23 17:20:24', '您的项目-科研信息管理系统1已获得授权，您可开始项目的开发', 0, 1), (196, '2020-05-23 17:20:32', '您的项目-科研信息管理未获得授权，请再接再厉', 0, 1), (197, '2020-05-23 21:46:00', '项目-111已上传论文，请及时查阅', 1, 1), (198, '2020-05-23 21:46:01', '项目-111已上传论文，请及时查阅', 1, 2), (199, '2020-05-23 21:46:01', '项目-111已上传论文，请及时查阅', 1, 3), (201, '2020-05-23 21:46:02', '项目-111已上传论文，请及时查阅', 1, 1), (202, '2020-05-23 21:46:03', '项目-111已上传论文，请及时查阅', 1, 2), (203, '2020-05-23 21:46:03', '项目-111已上传论文，请及时查阅', 1, 3), (205, '2020-05-23 21:47:38', '项目-888已上传论文，请及时查阅', 1, 1), (206, '2020-05-23 21:47:38', '项目-888已上传论文，请及时查阅', 1, 2), (207, '2020-05-23 21:47:38', '项目-888已上传论文，请及时查阅', 1, 3), (209, '2020-05-23 21:51:23', '项目-111已上传论文，请及时查阅', 1, 1), (210, '2020-05-23 21:51:23', '项目-111已上传论文，请及时查阅', 1, 2), (211, '2020-05-23 21:51:24', '项目-111已上传论文，请及时查阅', 1, 3), (213, '2020-05-23 22:09:07', '项目-科研信息管理系统1已提交成果，请及时查阅并审批', 1, 1), (214, '2020-05-23 22:09:08', '项目-科研信息管理系统1已提交成果，请及时查阅并审批', 1, 2), (215, '2020-05-23 22:09:08', '项目-科研信息管理系统1已提交成果，请及时查阅并审批', 1, 3), (216, '2020-05-23 22:40:55', '项目-测试已提交成果，请及时查阅并审批', 1, 1), (217, '2020-05-23 22:40:55', '项目-测试已提交成果，请及时查阅并审批', 1, 2), (218, '2020-05-23 22:40:55', '项目-测试已提交成果，请及时查阅并审批', 1, 3), (219, '2020-05-23 22:44:18', '项目-888已上传论文，请及时查阅', 1, 1), (220, '2020-05-23 22:44:18', '项目-888已上传论文，请及时查阅', 1, 2), (221, '2020-05-23 22:44:18', '项目-888已上传论文，请及时查阅', 1, 3), (223, '2020-05-23 22:50:23', '项目-科研信息管理系统2已申报，请及时查阅并授权', 1, 1), (224, '2020-05-23 22:50:24', '项目-科研信息管理系统2已申报，请及时查阅并授权', 1, 2), (225, '2020-05-23 22:50:24', '项目-科研信息管理系统2已申报，请及时查阅并授权', 1, 3), (227, '2020-05-23 22:51:12', '您的项目-科研信息管理系统2已获得授权，您可开始项目的开发', 0, 1), (228, '2020-05-23 22:52:18', '项目-科研信息管理系统2已提交成果，请及时查阅并审批', 1, 1), (229, '2020-05-23 22:52:19', '项目-科研信息管理系统2已提交成果，请及时查阅并审批', 1, 2), (230, '2020-05-23 22:52:19', '项目-科研信息管理系统2已提交成果，请及时查阅并审批', 1, 3), (232, '2020-05-23 22:53:59', '您的项目-111获得奖项——二等奖', 0, 1), (234, '2020-05-23 22:54:03', '您的项目-111获得专利——5c6e03', 0, 1), (238, '2020-05-23 22:54:37', '您的项目-科研信息管理系统2已通过审批，请耐心等待奖项及专利的颁发~', 0, 1), (239, '2020-05-23 22:54:43', '您的项目-科研信息管理系统2获得专利——e48caa', 0, 1), (241, '2020-05-23 23:09:15', '项目-科研信息管理3已申报，请及时查阅并授权', 1, 1), (242, '2020-05-23 23:09:16', '项目-科研信息管理3已申报，请及时查阅并授权', 1, 2), (243, '2020-05-23 23:09:16', '项目-科研信息管理3已申报，请及时查阅并授权', 1, 3), (245, '2020-05-23 23:10:31', '您的项目-科研信息管理3已获得授权，您可开始项目的开发', 0, 1), (246, '2020-05-23 23:18:17', '项目-科研信息管理系统4已申报，请及时查阅并授权', 1, 1), (247, '2020-05-23 23:18:17', '项目-科研信息管理系统4已申报，请及时查阅并授权', 1, 2), (248, '2020-05-23 23:18:17', '项目-科研信息管理系统4已申报，请及时查阅并授权', 1, 3), (250, '2020-05-23 23:18:45', '项目-科研项目5已申报，请及时查阅并授权', 1, 1), (251, '2020-05-23 23:18:45', '项目-科研项目5已申报，请及时查阅并授权', 1, 2), (252, '2020-05-23 23:18:45', '项目-科研项目5已申报，请及时查阅并授权', 1, 3), (254, '2020-05-23 23:19:40', '您的项目-科研项目5已获得授权，您可开始项目的开发', 0, 1), (255, '2020-05-23 23:19:47', '您的项目-科研信息管理系统4未获得授权，请再接再厉', 0, 1), (256, '2020-05-23 23:19:48', '您的项目-科研信息管理系统4未获得授权，请再接再厉', 0, 1), (257, '2020-05-23 23:21:02', '项目-科研项目5已提交成果，请及时查阅并审批', 1, 1), (258, '2020-05-23 23:21:03', '项目-科研项目5已提交成果，请及时查阅并审批', 1, 2), (259, '2020-05-23 23:21:03', '项目-科研项目5已提交成果，请及时查阅并审批', 1, 3), (260, '2020-05-23 23:21:22', '项目-科研信息管理系统2已上传论文，请及时查阅', 1, 1), (261, '2020-05-23 23:21:22', '项目-科研信息管理系统2已上传论文，请及时查阅', 1, 2), (262, '2020-05-23 23:21:23', '项目-科研信息管理系统2已上传论文，请及时查阅', 1, 3), (267, '2020-05-23 23:23:06', '您的项目-科研项目5已通过审批，请耐心等待奖项及专利的颁发~', 0, 1), (268, '2020-05-23 23:23:21', '您的项目-科研项目5获得奖项——东北石油大学二等奖', 0, 1), (270, '2020-05-23 23:23:28', '您的项目-科研项目5获得专利——da79cb', 0, 1), (273, '2020-05-23 23:23:36', '您的项目-科研信息管理系统1未通过审批，请再接再厉', 0, 1), (274, '2020-05-23 23:33:50', '项目-科研信息管理系统5已申报，请及时查阅并授权', 1, 1), (275, '2020-05-23 23:33:50', '项目-科研信息管理系统5已申报，请及时查阅并授权', 1, 2), (276, '2020-05-23 23:33:51', '项目-科研信息管理系统5已申报，请及时查阅并授权', 1, 3), (278, '2020-05-23 23:34:59', '您的项目-科研信息管理系统5已获得授权，您可开始项目的开发', 0, 1), (279, '2020-05-23 23:35:51', '项目-科研项目已申报，请及时查阅并授权', 1, 1), (280, '2020-05-23 23:35:51', '项目-科研项目已申报，请及时查阅并授权', 1, 2), (281, '2020-05-23 23:35:52', '项目-科研项目已申报，请及时查阅并授权', 1, 3), (283, '2020-05-23 23:36:27', '项目-科研信息管理系统5已提交成果，请及时查阅并审批', 1, 1), (284, '2020-05-23 23:36:27', '项目-科研信息管理系统5已提交成果，请及时查阅并审批', 1, 2), (285, '2020-05-23 23:36:28', '项目-科研信息管理系统5已提交成果，请及时查阅并审批', 1, 3), (288, '2020-05-23 23:38:00', '您的项目-科研项目未获得授权，请再接再厉', 0, 1), (290, '2020-05-23 23:38:22', '您的项目-科研信息管理系统5已通过审批，请耐心等待奖项及专利的颁发~', 0, 1), (291, '2020-05-23 23:38:34', '您的项目-科研信息管理系统5获得奖项——三等奖', 0, 1), (293, '2020-05-23 23:38:42', '您的项目-科研信息管理系统5获得专利——ecd8e7', 0, 1), (295, '2020-05-23 23:39:12', '项目-科研信息管理系统5已上传论文，请及时查阅', 1, 1), (296, '2020-05-23 23:39:12', '项目-科研信息管理系统5已上传论文，请及时查阅', 1, 2), (297, '2020-05-23 23:39:12', '项目-科研信息管理系统5已上传论文，请及时查阅', 1, 3), (299, '2020-06-05 08:54:36', '项目-测试已申报，请及时查阅并授权', 1, 1), (300, '2020-06-05 08:54:37', '项目-测试已申报，请及时查阅并授权', 1, 2), (301, '2020-06-05 08:54:37', '项目-测试已申报，请及时查阅并授权', 1, 3), (303, '2020-06-05 08:56:03', '您的项目-测试已获得授权，您可开始项目的开发', 0, 1), (304, '2020-06-05 08:57:32', '项目-测试已提交成果，请及时查阅并审批', 1, 1), (305, '2020-06-05 08:57:32', '项目-测试已提交成果，请及时查阅并审批', 1, 2), (306, '2020-06-05 08:57:33', '项目-测试已提交成果，请及时查阅并审批', 1, 3), (307, '2020-06-05 08:57:33', '项目-测试已提交成果，请及时查阅并审批', 1, 1), (308, '2020-06-05 08:57:33', '项目-测试已提交成果，请及时查阅并审批', 1, 2), (309, '2020-06-05 08:57:34', '项目-测试已提交成果，请及时查阅并审批', 1, 3), (311, '2020-06-05 09:36:08', '项目-测试已申报，请及时查阅并授权', 1, 1), (312, '2020-06-05 09:36:09', '项目-测试已申报，请及时查阅并授权', 1, 2), (313, '2020-06-05 09:36:09', '项目-测试已申报，请及时查阅并授权', 1, 3), (315, '2020-06-05 09:36:34', '您的项目-测试已获得授权，您可开始项目的开发', 0, 1), (316, '2020-06-05 09:37:13', '项目-测试已提交成果，请及时查阅并审批', 1, 1), (317, '2020-06-05 09:37:13', '项目-测试已提交成果，请及时查阅并审批', 1, 2), (318, '2020-06-05 09:37:14', '项目-测试已提交成果，请及时查阅并审批', 1, 3), (321, '2020-06-05 10:31:40', '项目-科研信息已申报，请及时查阅并授权', 1, 1), (322, '2020-06-05 10:31:41', '项目-科研信息已申报，请及时查阅并授权', 1, 2), (323, '2020-06-05 10:31:42', '项目-科研信息已申报，请及时查阅并授权', 1, 3), (324, '2020-06-05 10:31:42', '项目-科研信息已申报，请及时查阅并授权', 1, 1), (326, '2020-06-05 10:31:42', '项目-科研信息已申报，请及时查阅并授权', 1, 2), (327, '2020-06-05 10:31:42', '项目-科研信息已申报，请及时查阅并授权', 1, 3), (329, '2020-06-05 10:45:42', '您的项目-科研信息已获得授权，您可开始项目的开发', 0, 1), (330, '2020-06-06 07:17:56', '项目-测试已申报，请及时查阅并授权', 1, 1), (331, '2020-06-06 07:17:57', '项目-测试已申报，请及时查阅并授权', 1, 2), (332, '2020-06-06 07:17:58', '项目-测试已申报，请及时查阅并授权', 1, 3), (334, '2020-06-06 07:19:16', '您的项目-测试已获得授权，您可开始项目的开发', 0, 1), (335, '2020-06-06 07:19:19', '您的项目-测试已获得授权，您可开始项目的开发', 0, 1), (336, '2020-06-06 07:20:35', '项目-测试已提交成果，请及时查阅并审批', 1, 1), (337, '2020-06-06 07:20:36', '项目-测试已提交成果，请及时查阅并审批', 1, 2), (338, '2020-06-06 07:20:36', '项目-测试已提交成果，请及时查阅并审批', 1, 3), (342, '2020-06-06 07:21:54', '您的项目-测试已通过审批，请耐心等待奖项及专利的颁发~', 0, 1), (343, '2020-06-06 07:22:42', '项目-测试已上传论文，请及时查阅', 1, 1), (344, '2020-06-06 07:22:42', '项目-测试已上传论文，请及时查阅', 1, 2), (345, '2020-06-06 07:22:42', '项目-测试已上传论文，请及时查阅', 1, 3), (347, '2020-06-06 09:47:53', '项目-测试已申报，请及时查阅并授权', 1, 1), (348, '2020-06-06 09:47:54', '项目-测试已申报，请及时查阅并授权', 1, 2), (349, '2020-06-06 09:47:54', '项目-测试已申报，请及时查阅并授权', 1, 3), (351, '2020-06-06 09:50:06', '您的项目-测试已获得授权，您可开始项目的开发', 0, 1);
COMMIT;

-- ----------------------------
-- Table structure for paper
-- ----------------------------
DROP TABLE IF EXISTS `paper`;
CREATE TABLE `paper`  (
  `id` int(11) NOT NULL,
  `paper_path` varchar(255) CHARACTER SET utf8mb4 COLLATE utf8mb4_0900_ai_ci NULL DEFAULT NULL,
  `project_id` int(11) NULL DEFAULT NULL,
  PRIMARY KEY (`id`) USING BTREE,
  INDEX `project_id`(`project_id`) USING BTREE,
  CONSTRAINT `paper_ibfk_1` FOREIGN KEY (`project_id`) REFERENCES `project` (`id`) ON DELETE CASCADE ON UPDATE RESTRICT
) ENGINE = InnoDB CHARACTER SET = utf8mb4 COLLATE = utf8mb4_0900_ai_ci;

-- ----------------------------
-- Records of paper
-- ----------------------------
BEGIN;
INSERT INTO `paper` VALUES (298, 'papers/65b6b876-7904-4b78-b362-647c21dd3be1.docx', 277), (346, 'papers/e0a82c7f-4616-4c81-8c48-98881a7fea0b.docx', 333);
COMMIT;

-- ----------------------------
-- Table structure for pass
-- ----------------------------
DROP TABLE IF EXISTS `pass`;
CREATE TABLE `pass`  (
  `id` int(11) NOT NULL,
  `admin_id` int(11) NULL DEFAULT NULL,
  `project_id` int(11) NULL DEFAULT NULL,
  `result` varchar(255) CHARACTER SET utf8mb4 COLLATE utf8mb4_0900_ai_ci NULL DEFAULT NULL,
  PRIMARY KEY (`id`) USING BTREE
) ENGINE = InnoDB CHARACTER SET = utf8mb4 COLLATE = utf8mb4_0900_ai_ci;

-- ----------------------------
-- Records of pass
-- ----------------------------
BEGIN;
INSERT INTO `pass` VALUES (26, 1, 25, NULL), (34, 2, 25, '通过'), (35, 3, 25, '通过'), (37, 2, 36, '不通过'), (41, 3, 40, '通过'), (42, 3, 38, '不通过'), (71, 2, 40, '通过'), (86, 1, 76, '通过'), (87, 2, 76, '通过'), (115, 1, 104, '通过'), (116, 1, 100, '通过'), (117, 2, 104, '通过'), (118, 2, 100, '通过'), (119, 3, 104, '通过'), (167, 1, 162, '通过'), (168, 2, 162, '通过'), (169, 3, 162, '通过'), (180, 1, 151, '通过'), (181, 1, 151, '通过'), (182, 1, 151, '通过'), (231, 3, 226, '通过'), (236, 1, 226, '通过'), (237, 2, 226, '通过'), (264, 1, 253, '通过'), (265, 2, 253, '通过'), (266, 3, 253, '通过'), (272, 3, 193, '不通过'), (286, 1, 277, '通过'), (287, 2, 277, '通过'), (289, 3, 277, '通过'), (310, 1, 302, '通过'), (319, 1, 314, '通过'), (320, 2, 314, '通过'), (339, 1, 333, '通过'), (340, 2, 333, '通过'), (341, 3, 333, '通过');
COMMIT;

-- ----------------------------
-- Table structure for patent
-- ----------------------------
DROP TABLE IF EXISTS `patent`;
CREATE TABLE `patent`  (
  `id` int(11) NOT NULL,
  `flag` varchar(255) CHARACTER SET utf8mb4 COLLATE utf8mb4_0900_ai_ci NULL DEFAULT NULL,
  `project_id` int(11) NULL DEFAULT NULL,
  PRIMARY KEY (`id`) USING BTREE,
  INDEX `project_id`(`project_id`) USING BTREE,
  CONSTRAINT `patent_ibfk_1` FOREIGN KEY (`project_id`) REFERENCES `project` (`id`) ON DELETE CASCADE ON UPDATE RESTRICT
) ENGINE = InnoDB CHARACTER SET = utf8mb4 COLLATE = utf8mb4_0900_ai_ci;

-- ----------------------------
-- Records of patent
-- ----------------------------
BEGIN;
INSERT INTO `patent` VALUES (235, '5c6e03', 40), (271, 'da79cb', 253), (294, 'ecd8e7', 277);
COMMIT;

-- ----------------------------
-- Table structure for prize
-- ----------------------------
DROP TABLE IF EXISTS `prize`;
CREATE TABLE `prize`  (
  `id` int(11) NOT NULL,
  `name` varchar(255) CHARACTER SET utf8mb4 COLLATE utf8mb4_0900_ai_ci NULL DEFAULT NULL,
  `project_id` int(11) NULL DEFAULT NULL,
  PRIMARY KEY (`id`) USING BTREE,
  INDEX `project_id`(`project_id`) USING BTREE,
  CONSTRAINT `prize_ibfk_1` FOREIGN KEY (`project_id`) REFERENCES `project` (`id`) ON DELETE CASCADE ON UPDATE RESTRICT
) ENGINE = InnoDB CHARACTER SET = utf8mb4 COLLATE = utf8mb4_0900_ai_ci;

-- ----------------------------
-- Records of prize
-- ----------------------------
BEGIN;
INSERT INTO `prize` VALUES (66, '一等奖', 25), (269, '东北石油大学二等奖', 253), (292, '三等奖', 277);
COMMIT;

-- ----------------------------
-- Table structure for project
-- ----------------------------
DROP TABLE IF EXISTS `project`;
CREATE TABLE `project`  (
  `id` int(11) NOT NULL,
  `name` varchar(255) CHARACTER SET utf8mb4 COLLATE utf8mb4_0900_ai_ci NULL DEFAULT NULL,
  `description` varchar(255) CHARACTER SET utf8mb4 COLLATE utf8mb4_0900_ai_ci NULL DEFAULT NULL,
  `status` varchar(255) CHARACTER SET utf8mb4 COLLATE utf8mb4_0900_ai_ci NULL DEFAULT NULL,
  `end_time` varchar(255) CHARACTER SET utf8mb4 COLLATE utf8mb4_0900_ai_ci NULL DEFAULT NULL,
  `pass_num` int(11) NULL DEFAULT NULL,
  `result_path` varchar(255) CHARACTER SET utf8mb4 COLLATE utf8mb4_0900_ai_ci NULL DEFAULT NULL,
  `start_time` varchar(255) CHARACTER SET utf8mb4 COLLATE utf8mb4_0900_ai_ci NULL DEFAULT NULL,
  `user_id` int(11) NULL DEFAULT NULL,
  PRIMARY KEY (`id`) USING BTREE,
  INDEX `user_id`(`user_id`) USING BTREE,
  CONSTRAINT `project_ibfk_1` FOREIGN KEY (`user_id`) REFERENCES `user` (`id`) ON DELETE CASCADE ON UPDATE RESTRICT
) ENGINE = InnoDB CHARACTER SET = utf8mb4 COLLATE = utf8mb4_0900_ai_ci;

-- ----------------------------
-- Records of project
-- ----------------------------
BEGIN;
INSERT INTO `project` VALUES (25, '888', '666', '审批通过', NULL, 3, 'results/07033947-44b4-41fe-ab5a-cd2cb8ff6379.rar', '2020-04-26 13:27:28', 1), (38, '333', '333', '审批不通过', '2020-04-26 13:49:12', 1, 'results/07033947-44b4-41fe-ab5a-cd2cb8ff6379.rar', '2020-04-26 13:48:37', 1), (40, '111', 'hhh', '审批通过', '2020-04-26 20:05:39', 2, 'results/07033947-44b4-41fe-ab5a-cd2cb8ff6379.rar', '2020-04-26 20:03:18', 1), (59, '测试', '测试', '待审批', '2020-05-23 22:40:55', 0, 'results/7dc254c2-240e-4390-9200-ec77bc8f71f7.rar', '2020-05-03 16:36:21', 1), (189, '科研信息管理', '对科研项目进行管理', '授权不通过', NULL, 0, NULL, '2020-05-11 20:06:25', 1), (226, '科研信息管理系统2', '科研信息管理系统', '审批通过', '2020-05-23 22:52:18', 3, 'results/1b11edcb-f5fc-482f-90f8-ffd14e13143a.rar', '2020-05-23 22:50:23', 1), (244, '科研信息管理3', '对科研项目进行管理', '已授权-开发中', NULL, 0, NULL, '2020-05-23 23:09:15', 1), (249, '科研信息管理系统4', '对科研项目进行管理', '授权不通过', NULL, 0, NULL, '2020-05-23 23:18:17', 1), (253, '科研项目5', '科研项目', '审批通过', '2020-05-23 23:21:02', 3, 'results/ff2381a2-ccc3-41b0-846e-2f3af066b017.rar', '2020-05-23 23:18:45', 1), (277, '科研信息管理系统5', '科研信息', '审批通过', '2020-05-23 23:36:27', 3, 'results/7fa91f91-8ab8-4e08-9d51-6ee1c0f7f42d.rar', '2020-05-23 23:33:50', 1), (282, '科研项目', '科研项目', '授权不通过', NULL, 0, NULL, '2020-05-23 23:35:51', 1), (302, '测试', '测试', '待审批', '2020-06-05 08:57:33', 1, 'results/5ccf71a9-23f8-4b7d-ba4f-4fc1024457bb.rar', '2020-06-05 08:54:36', 1), (314, '测试', '测试', '待审批', '2020-06-05 09:37:13', 2, 'results/e282489b-fa82-424d-802e-93969b3bd49d.rar', '2020-06-05 09:36:08', 1), (325, '科研信息', '科研信息', '待授权', NULL, 0, NULL, '2020-06-05 10:31:40', 1), (328, '科研信息', '科研信息', '已授权-开发中', NULL, 0, NULL, '2020-06-05 10:31:42', 1), (333, '测试', '测试', '审批通过', '2020-06-06 07:20:35', 3, 'results/0284bdea-8394-4015-bc5e-355ecc59d273.rar', '2020-06-06 07:17:56', 1), (350, '测试', '测试', '已授权-开发中', NULL, 0, NULL, '2020-06-06 09:47:53', 1);
COMMIT;

-- ----------------------------
-- Table structure for user
-- ----------------------------
DROP TABLE IF EXISTS `user`;
CREATE TABLE `user`  (
  `id` int(11) NOT NULL AUTO_INCREMENT,
  `account` varchar(255) CHARACTER SET utf8mb4 COLLATE utf8mb4_0900_ai_ci NULL DEFAULT NULL,
  `password` varchar(255) CHARACTER SET utf8mb4 COLLATE utf8mb4_0900_ai_ci NULL DEFAULT NULL,
  `name` varchar(255) CHARACTER SET utf8mb4 COLLATE utf8mb4_0900_ai_ci NULL DEFAULT NULL,
  PRIMARY KEY (`id`) USING BTREE
) ENGINE = InnoDB AUTO_INCREMENT = 71 CHARACTER SET = utf8mb4 COLLATE = utf8mb4_0900_ai_ci;

-- ----------------------------
-- Records of user
-- ----------------------------
BEGIN;
INSERT INTO `user` VALUES (1, 'user', '123456', '李四啊'), (4, '888', '123456', 'test'), (8, '1111', '1111', '1111'), (70, 'test', '123456', '内测玩家');
COMMIT;

SET FOREIGN_KEY_CHECKS = 1;
